{
    "beautify JSON": "cmd + shift + j",
    "total_interview": 826,
    "npg": 4,
    "init_time": 44601.42054398148,
    "last_timevalue": 44999.41963,
    "last_no": 823,
    "number_of_checked_in": 601,
    "number_of_not_check_in": 0,
    "next_group": [
        811,
        816,
        817,
        823
    ],
    "number_of_people_interviewed": 774,
    "file_name": 165,
    "current_lineup": [
        {
            "No": 127.0,
            "\u4e2d\u6587\u59d3\u540d": "\u76e7\u82b7\u8475",
            "timevalue": 45360.4469
        },
        {
            "No": 132.0,
            "\u4e2d\u6587\u59d3\u540d": "\u65bd\u740b\u5f64",
            "timevalue": 45360.44743
        },
        {
            "No": 131.0,
            "\u4e2d\u6587\u59d3\u540d": "\u5433\u8afe\u7fb2",
            "timevalue": 45360.44828
        },
        {
            "No": 133.0,
            "\u4e2d\u6587\u59d3\u540d": "\u8b5a\u723e\u6a02",
            "timevalue": 45360.44846
        }
    ],
    "interviewed": [
        18,
        11,
        1,
        8,
        9,
        7,
        16,
        6,
        13,
        4,
        2,
        15,
        12,
        42,
        5,
        20,
        68,
        22,
        43,
        3,
        19,
        23,
        27.0,
        40.0,
        26.0,
        33.0,
        37.0,
        24.0,
        35.0,
        29.0,
        36.0,
        31.0,
        41.0,
        34.0,
        30.0,
        47.0,
        44.0,
        49.0,
        25.0,
        48.0,
        56.0,
        67.0,
        54.0,
        50.0,
        57.0,
        59.0,
        87.0,
        39.0,
        55.0,
        58.0,
        61.0,
        63.0,
        53.0,
        52.0,
        45.0,
        111.0,
        65.0,
        62.0,
        46.0,
        129.0,
        51.0,
        75.0,
        71.0,
        85.0,
        72.0,
        83.0,
        86.0,
        64.0,
        77.0,
        60.0,
        78.0,
        79.0,
        84.0,
        70.0,
        81.0,
        112.0,
        93.0,
        91.0,
        74.0,
        69.0,
        95.0,
        89.0,
        82.0,
        90.0,
        76.0,
        105.0,
        94.0,
        107.0,
        98.0,
        118.0,
        115.0,
        113.0,
        110.0,
        96.0,
        92.0,
        103.0,
        122.0,
        100.0,
        123.0,
        104.0,
        114.0,
        125.0,
        127.0,
        132.0,
        131.0,
        133.0
    ],
    "lineup_history": [
        {
            "group_number": 1,
            "people": [
                {
                    "No": 59.0,
                    "\u4e2d\u6587\u59d3\u540d": "\u7f85\u8ed2\u5bb8",
                    "timevalue": 45360.40344
                },
                {
                    "No": 87.0,
                    "\u4e2d\u6587\u59d3\u540d": "\u9ea5\u723e\u6674",
                    "timevalue": 45360.40541
                }
            ],
            "npg": 2
        },
        {
            "group_number": 2,
            "people": [
                {
                    "No": 39.0,
                    "\u4e2d\u6587\u59d3\u540d": "\u6881\u6bc5",
                    "timevalue": 45360.40555
                },
                {
                    "No": 55.0,
                    "\u4e2d\u6587\u59d3\u540d": "\u6797\u5df1\u77e5",
                    "timevalue": 45360.40722
                },
                {
                    "No": 58.0,
                    "\u4e2d\u6587\u59d3\u540d": "\u6881\u4f73\u716c",
                    "timevalue": 45360.40767
                }
            ],
            "npg": 3
        },
        {
            "group_number": 3,
            "people": [
                {
                    "No": 61.0,
                    "\u4e2d\u6587\u59d3\u540d": "\u856d\u7a4e\u6c76",
                    "timevalue": 45360.40786
                },
                {
                    "No": 63.0,
                    "\u4e2d\u6587\u59d3\u540d": "\u5c39\u6d60\u6dea",
                    "timevalue": 45360.408
                },
                {
                    "No": 53.0,
                    "\u4e2d\u6587\u59d3\u540d": "\u9f94\u828d\u7a4e",
                    "timevalue": 45360.40822
                },
                {
                    "No": 52.0,
                    "\u4e2d\u6587\u59d3\u540d": "\u7518\u6c76\u660a",
                    "timevalue": 45360.40948
                }
            ],
            "npg": 4
        },
        {
            "group_number": 4,
            "people": [
                {
                    "No": 45.0,
                    "\u4e2d\u6587\u59d3\u540d": "\u5c91\u6893\u6717",
                    "timevalue": 45360.4098
                },
                {
                    "No": 111.0,
                    "\u4e2d\u6587\u59d3\u540d": "\u76e7\u67cf\u8ed2",
                    "timevalue": 45360.41037
                },
                {
                    "No": 65.0,
                    "\u4e2d\u6587\u59d3\u540d": "\u6c6a\u6a02\u6587",
                    "timevalue": 45360.41082
                },
                {
                    "No": 62.0,
                    "\u4e2d\u6587\u59d3\u540d": "\u4f59\u7a4e\u6f7c",
                    "timevalue": 45360.41206
                }
            ],
            "npg": 4
        },
        {
            "group_number": 5,
            "people": [
                {
                    "No": 46.0,
                    "\u4e2d\u6587\u59d3\u540d": "\u9673\u601d\u6f94",
                    "timevalue": 45360.41305
                },
                {
                    "No": 129.0,
                    "\u4e2d\u6587\u59d3\u540d": "\u5433\u6137\u6069",
                    "timevalue": 45360.41331
                },
                {
                    "No": 51.0,
                    "\u4e2d\u6587\u59d3\u540d": "\u694a\u66dc\u52bb",
                    "timevalue": 45360.41474
                },
                {
                    "No": 75.0,
                    "\u4e2d\u6587\u59d3\u540d": "\u8521\u744b\u5bb8",
                    "timevalue": 45360.41524
                }
            ],
            "npg": 4
        },
        {
            "group_number": 6,
            "people": [
                {
                    "No": 71.0,
                    "\u4e2d\u6587\u59d3\u540d": "\u9673\u82af\u59a4",
                    "timevalue": 45360.41655
                },
                {
                    "No": 85.0,
                    "\u4e2d\u6587\u59d3\u540d": "\u674e\u4f9d\u7433",
                    "timevalue": 45360.41686
                },
                {
                    "No": 72.0,
                    "\u4e2d\u6587\u59d3\u540d": "\u5468\u501a\u6df3",
                    "timevalue": 45360.41858
                },
                {
                    "No": 83.0,
                    "\u4e2d\u6587\u59d3\u540d": "\u5289\u51cc\u7693",
                    "timevalue": 45360.4191
                }
            ],
            "npg": 4
        },
        {
            "group_number": 7,
            "people": [
                {
                    "No": 86.0,
                    "\u4e2d\u6587\u59d3\u540d": "\u674e\u5a67\u7464",
                    "timevalue": 45360.42059
                },
                {
                    "No": 64.0,
                    "\u4e2d\u6587\u59d3\u540d": "\u9ec3\u7693\u6717",
                    "timevalue": 45360.4209
                },
                {
                    "No": 77.0,
                    "\u4e2d\u6587\u59d3\u540d": "\u65bd\u8fea\u97dc",
                    "timevalue": 45360.42106
                },
                {
                    "No": 60.0,
                    "\u4e2d\u6587\u59d3\u540d": "\u65bd\u82b8\u99a8",
                    "timevalue": 45360.42143
                }
            ],
            "npg": 4
        },
        {
            "group_number": 8,
            "people": [
                {
                    "No": 78.0,